product_category,total_revenue,total_profit,orders,avg_order_value,profit_margin_pct
Beauty,3035057.08,1342665.06,1807,1679.6110016602104,44.24
Apparel,7632822.38,2992635.41,3012,2534.137576361222,39.21
Home & Kitchen,10280706.97,2795922.18,2472,4158.862042880259,27.2
Sports,5268479.86,1324467.7,1524,3457.0077821522314,25.14
Electronics,68054090.33,8862189.95,3281,20741.87452910698,13.02
Groceries,1996626.94,200944.95,3010,663.3312093023255,10.06
